Restaurant Name,Rating,Cuisine,Cost for One,Delivery Time,Offers,Link
Biryani By Kilo,4.2,"Biryani, Hyderabadi, Kebab, North Indian, Ice Cream, Desserts",₹250 for one,48 min,30% OFF,https://www.zomato.com/ncr/biryani-by-kilo-connaught-place-new-delhi/order
Saravana Bhavan,4.4,"South Indian, Desserts, Juices, Shake, Beverages",₹300 for one,34 min,No Offers,https://www.zomato.com/ncr/saravana-bhavan-janpath-new-delhi/order
Bheemeshwara - A South Indian Delicacy,4.4,"South Indian, Biryani, Andhra, Desserts, Beverages",₹500 for one,20 min,₹125 OFF,https://www.zomato.com/ncr/bheemeshwara-a-south-indian-delicacy-connaught-place-new-delhi/order
Bangla Foods,4.3,"North Indian, South Indian, Fast Food, Street Food, Chinese, Ice Cream",₹150 for one,25 min,50% OFF,https://www.zomato.com/ncr/bangla-foods-gole-market-new-delhi/order
Haldiram's,4.3,"South Indian, North Indian, Street Food, Chinese, Beverages, Desserts",₹200 for one,24 min,₹50 OFF,https://www.zomato.com/ncr/haldirams-janpath-new-delhi/order
Pizza Hut,4.1,"Pizza, Fast Food, Italian, Desserts, Beverages",₹250 for one,25 min,20% OFF,https://www.zomato.com/ncr/pizza-hut-2-connaught-place-new-delhi/order
Pind Balluchi,4.3,"North Indian, Mughlai, Kebab, Biryani",₹650 for one,25 min,60% OFF,https://www.zomato.com/ncr/pind-balluchi-connaught-place-new-delhi/order
Mashaallah Chicken Corner,4.1,"North Indian, Biryani",₹200 for one,26 min,No Offers,https://www.zomato.com/ncr/mashaallah-chicken-corner-1-paharganj-new-delhi/order
Cake & Cream,4.2,"Bakery, Desserts",₹250 for one,38 min,₹150 OFF,https://www.zomato.com/ncr/cake-cream-west-patel-nagar-new-delhi/order
Nazeer Foods,4.1,"North Indian, Mughlai, Biryani, Rolls, Burger, Fast Food, Beverages",₹400 for one,23 min,No Offers,https://www.zomato.com/ncr/nazeer-foods-connaught-place-new-delhi/order
Burger Singh - Big Punjabi Burgers,4.2,"Burger, Fast Food, Momos, Beverages, Desserts",₹150 for one,21 min,₹125 OFF,https://www.zomato.com/ncr/burger-singh-big-punjabi-burgers-connaught-place-new-delhi/order
Sagar Ratna,4.4,"South Indian, North Indian, Chinese",₹250 for one,29 min,No Offers,https://www.zomato.com/ncr/sagar-ratna-janpath-new-delhi/order
Prem Dhaba,4.2,"North Indian, Mughlai, Fast Food",₹250 for one,29 min,₹150 OFF,https://www.zomato.com/ncr/prem-dhaba-karol-bagh-new-delhi/order
Diggin,4.4,"Italian, Continental, Pizza, Pasta, Sandwich, Burger, Desserts, Beverages",₹700 for one,27 min,No Offers,https://www.zomato.com/ncr/diggin-1-connaught-place-new-delhi/order
Gupta Restaurant,4.2,"North Indian, South Indian, Chinese",₹200 for one,19 min,No Offers,https://www.zomato.com/ncr/gupta-restaurant-gole-market-new-delhi/order
IC Corner,4.0,"Chinese, Momos, Street Food",₹200 for one,22 min,Flat 10% OFF,https://www.zomato.com/ncr/ic-corner-1-barakhamba-road-new-delhi/order
Burger King,4.1,"Burger, Fast Food, Desserts, Shake",₹200 for one,22 min,No Offers,https://www.zomato.com/ncr/burger-king-connaught-place-new-delhi/order
Bikanervala,4.2,"Mithai, North Indian, South Indian, Chinese, Fast Food, Street Food, Beverages, Desserts",₹200 for one,22 min,No Offers,https://www.zomato.com/ncr/bikanervala-connaught-place-new-delhi/order
La Pino'z Pizza,4.0,"Pizza, Italian, Pasta, Fast Food, Desserts, Beverages",₹250 for one,34 min,₹150 OFF,https://www.zomato.com/ncr/la-pinoz-pizza-karol-bagh-new-delhi/order
Veer Ji Malai Chaap Wale,3.9,"North Indian, Rolls, Mughlai",₹200 for one,39 min,₹150 OFF,https://www.zomato.com/ncr/veer-ji-malai-chaap-wale-1-kamla-nagar-new-delhi/order
Bakingo,4.5,"Bakery, Desserts",₹200 for one,32 min,No Offers,https://www.zomato.com/ncr/bakingo-karol-bagh-new-delhi/order
Kwality Wall's Ice Cream And More,4.5,"Ice Cream, Desserts",₹100 for one,29 min,₹150 OFF,https://www.zomato.com/ncr/kwality-walls-ice-cream-and-more-6-karol-bagh-new-delhi/order
Khadak Singh Da Dhaba,4.3,"North Indian, Mughlai, Rolls, Chinese, Biryani, Kebab",₹250 for one,49 min,40% OFF,https://www.zomato.com/ncr/khadak-singh-da-dhaba-defence-colony-new-delhi/order
Chinese Wok,4.1,"Chinese, Momos",₹300 for one,65 min,No Offers,https://www.zomato.com/ncr/chinese-wok-chandni-chowk-new-delhi/order
The Yellow Bowl,4.2,"Chinese, North Indian, Momos, Rolls, Fast Food, Sichuan",₹150 for one,37 min,40% OFF,https://www.zomato.com/ncr/the-yellow-bowl-daryaganj-new-delhi/order
Bikkgane Biryani,4.3,"Biryani, Hyderabadi, Andhra, North Indian, Mughlai",₹300 for one,21 min,₹125 OFF,https://www.zomato.com/ncr/bikkgane-biryani-connaught-place-new-delhi/order
Hira Sweets,4.2,"Mithai, North Indian, South Indian, Chinese, Pizza, Street Food, Ice Cream, Beverages",₹200 for one,28 min,No Offers,https://www.zomato.com/ncr/hira-sweets-connaught-place-new-delhi/order
The Burger Club,4.0,"Burger, Fast Food, Coffee, Beverages",₹350 for one,29 min,₹150 OFF,https://www.zomato.com/ncr/the-burger-club-1-connaught-place-new-delhi/order
RollsKing,4.1,"Rolls, North Indian, Beverages, Fast Food",₹150 for one,23 min,No Offers,https://www.zomato.com/ncr/rollsking-2-connaught-place-new-delhi/order
Wendy's Burgers,4.3,"Burger, Fast Food, American",₹150 for one,42 min,20% OFF,https://www.zomato.com/ncr/wendys-burgers-rajendra-place-new-delhi/order
WOW! Momo,3.7,"Momos, Fast Food, Chinese, Tibetan, Sichuan, Beverages, Desserts",₹200 for one,36 min,40% OFF,https://www.zomato.com/ncr/wow-momo-1-chanakyapuri-new-delhi/order
Behrouz Biryani,4.3,"Biryani, Kebab, North Indian",₹300 for one,34 min,₹125 OFF,https://www.zomato.com/ncr/behrouz-biryani-connaught-place-new-delhi/order
Rom's Pizza,3.7,"Pizza, Burger, Fast Food",₹150 for one,45 min,Free Garlic Bread,https://www.zomato.com/ncr/roms-pizza-1-laxmi-nagar-new-delhi/order
Pizza Galleria,4.0,"Pizza, Pasta, Fast Food, Mexican",₹350 for one,36 min,₹150 OFF,https://www.zomato.com/ncr/pizza-galleria-west-patel-nagar-new-delhi/order
Wraps Kathi Rolls,4.1,"Rolls, Wraps, Momos, Shawarma, Biryani",₹150 for one,28 min,No Offers,https://www.zomato.com/ncr/wraps-kathi-rolls-1-karol-bagh-new-delhi/order
NIC Ice Creams,4.5,"Ice Cream, Desserts",₹150 for one,26 min,₹150 OFF,https://www.zomato.com/ncr/nic-ice-creams-karol-bagh-new-delhi/order
Thalairaj Biryani,4.5,"Andhra, Biryani, Hyderabadi, South Indian, Indian, Kebabs, Snacks, Beverages",₹250 for one,29 min,50% OFF,https://www.zomato.com/ncr/thalairaj-biryani-karol-bagh-new-delhi/order
Pandit Ji Parantha Hut,4.1,"North Indian, Street Food, Beverages",₹100 for one,36 min,₹150 OFF,https://www.zomato.com/ncr/pandit-ji-parantha-hut-1-laxmi-nagar-new-delhi/order
Theobroma,4.4,"Bakery, Desserts, Beverages, Sandwich",₹150 for one,20 min,No Offers,https://www.zomato.com/ncr/theobroma-connaught-place-new-delhi/order
Nirula's,4.2,"Ice Cream, Pizza, Fast Food, Momos, Shake, Sandwich, Rolls, Burger",₹200 for one,19 min,10% OFF,https://www.zomato.com/ncr/nirulas-3-connaught-place-new-delhi/order
Big Bowl,4.1,"North Indian, Chinese, Momos",₹200 for one,59 min,No Offers,https://www.zomato.com/ncr/big-bowl-chandni-chowk-new-delhi/order
"Gianis - Ice Cream, Shakes & Sundaes",4.2,"Ice Cream, Shake, Desserts",₹100 for one,23 min,No Offers,https://www.zomato.com/ncr/gianis-ice-cream-shakes-sundaes-connaught-place-new-delhi/order
BTW,4.3,"North Indian, South Indian, Chinese, Mithai, Street Food",₹200 for one,38 min,No Offers,https://www.zomato.com/ncr/btw-1-kamla-nagar-new-delhi/order
The Pizza Kings,3.6,"Pizza, Pasta, Sandwich, Burger, Fast Food",₹100 for one,42 min,₹150 OFF,https://www.zomato.com/ncr/the-pizza-kings-1-inderlok-new-delhi/order
The Pizza Kings,3.7,"Pizza, Fast Food, Shake",₹150 for one,51 min,₹150 OFF,https://www.zomato.com/ncr/the-pizza-kings-geeta-colony-new-delhi/order
Chicago Pizza,4.1,"Pizza, Pasta, Sandwich, Rolls, Fast Food, Beverages",₹200 for one,57 min,No Offers,https://www.zomato.com/ncr/chicago-pizza-chawri-bazar-new-delhi/order
"Faasos - Wraps, Rolls & Shawarma",4.2,"Rolls, Wraps, Shawarma",₹200 for one,29 min,₹150 OFF,https://www.zomato.com/ncr/faasos-wraps-rolls-shawarma-connaught-place-new-delhi/order
Cheesecake & Co.,4.5,Bakery,₹200 for one,22 min,₹100 OFF,https://www.zomato.com/ncr/cheesecake-co-asaf-ali-road-new-delhi/order
Karim's,4.0,"North Indian, Mughlai",₹350 for one,29 min,No Offers,https://www.zomato.com/ncr/karims-karol-bagh-new-delhi/order
Vadilal Ice Creams,4.3,"Ice Cream, Desserts, Shake",₹150 for one,34 min,No Offers,https://www.zomato.com/ncr/vadilal-ice-creams-1-karol-bagh-new-delhi/order
FreshMenu,4.1,"Continental, Oriental, Asian, Chinese, Healthy Food, Sandwich, Desserts",₹200 for one,42 min,No Offers,https://www.zomato.com/ncr/freshmenu-pandav-nagar-new-delhi/order
Barbeque Nation,4.2,"North Indian, BBQ, Biryani, Kebab, Continental, Desserts",₹950 for one,29 min,30% OFF,https://www.zomato.com/ncr/barbeque-nation-connaught-place-new-delhi/order
Sandoz,4.1,"North Indian, Chinese, Mughlai, Seafood, Rolls",₹600 for one,23 min,No Offers,https://www.zomato.com/ncr/sandoz-connaught-place-new-delhi/order
Nathu's Sweets,4.0,"Mithai, South Indian, Chinese, Street Food, Fast Food, Desserts, North Indian",₹200 for one,26 min,Free Kesar Badam Milk,https://www.zomato.com/ncr/nathus-sweets-mandi-house-new-delhi/order
Berco's - If You Love Chinese,4.4,"Chinese, Thai, Asian, Desserts",₹600 for one,29 min,30% OFF,https://www.zomato.com/ncr/bercos-if-you-love-chinese-connaught-place-new-delhi/order
Khan Chacha,4.2,"Rolls, Kebab, North Indian, Mughlai, Biryani",₹200 for one,34 min,₹150 OFF,https://www.zomato.com/ncr/khan-chacha-connaught-place-new-delhi/order
Taco Bell,4.3,"Mexican, Fast Food, Wraps",₹200 for one,22 min,No Offers,https://www.zomato.com/ncr/taco-bell-connaught-place-new-delhi/order
The Waffle Co.,4.1,"Waffle, Pancake, Cafe, Coffee, Shake",₹200 for one,35 min,No Offers,https://www.zomato.com/ncr/the-waffle-co-rajendra-place-new-delhi/order
Punjab Grill,4.4,"North Indian, Kebab, Biryani, Mughlai",₹800 for one,34 min,₹175 OFF,https://www.zomato.com/ncr/punjab-grill-janpath-new-delhi/order
Giani,4.0,"Ice Cream, Desserts, Shake, Beverages",₹150 for one,15 min,No Offers,https://www.zomato.com/ncr/giani-gole-market-new-delhi/order
Gulab,4.3,"Mithai, Desserts, Fast Food",₹150 for one,41 min,No Offers,https://www.zomato.com/ncr/gulab-kamla-nagar-new-delhi/order
California Burrito,4.5,"Mexican, American, Continental, Healthy Food, Beverages, Fast Food",₹200 for one,29 min,50% OFF,https://www.zomato.com/ncr/california-burrito-karol-bagh-new-delhi/order
Punjabi Rasoi,3.9,"North Indian, Mughlai, Chinese, Fast Food, Ice Cream",₹200 for one,36 min,No Offers,https://www.zomato.com/ncr/punjabi-rasoi-3-paharganj-new-delhi/order
Daily Kitchen - Homely Meals,4.3,"North Indian, Desserts, Beverages",₹100 for one,28 min,₹200 OFF,https://www.zomato.com/ncr/daily-kitchen-homely-meals-paharganj-new-delhi/order
CakeZone Patisserie,4.2,"Bakery, Desserts",₹100 for one,46 min,No Offers,https://www.zomato.com/ncr/cakezone-patisserie-karol-bagh-new-delhi/order
Naivedyam,4.4,"South Indian, Desserts",₹350 for one,21 min,Flat 10% OFF,https://www.zomato.com/ncr/naivedyam-1-connaught-place-new-delhi/order
Oven Story Pizza - Standout Toppings,4.2,"Pizza, Italian, Pasta",₹200 for one,38 min,₹150 OFF,https://www.zomato.com/ncr/oven-story-pizza-standout-toppings-connaught-place-new-delhi/order
Moti Mahal Delux,4.0,"North Indian, Mughlai, Biryani, Kebab, Rolls, Desserts",₹600 for one,30 min,₹400 OFF,https://www.zomato.com/ncr/moti-mahal-delux-rajinder-nagar-new-delhi/order
MOJO Pizza - 2X Toppings,4.5,"Pizza, Fast Food, Desserts, Beverages",₹200 for one,34 min,₹200 OFF,https://www.zomato.com/ncr/mojo-pizza-2x-toppings-paharganj-new-delhi/order
Baskin Robbins - Ice Cream Desserts,4.4,"Ice Cream, Desserts, Beverages",₹200 for one,17 min,₹100 OFF,https://www.zomato.com/ncr/baskin-robbins-ice-cream-desserts-connaught-place-new-delhi/order
LunchBox - Meals and Thalis,4.3,"North Indian, Biryani, Mughlai",₹150 for one,29 min,20% OFF,https://www.zomato.com/ncr/lunchbox-meals-and-thalis-connaught-place-new-delhi/order
EatFit,4.3,"Healthy Food, Pizza, North Indian, Burger, Biryani, Chinese, Desserts, Beverages",₹200 for one,27 min,40% OFF,https://www.zomato.com/ncr/eatfit-1-paharganj-new-delhi/order
Great Indian Khichdi by EatFit,4.5,"North Indian, Healthy Food, South Indian, Fast Food, Mithai, Juices, Desserts, Beverages",₹150 for one,29 min,60% OFF,https://www.zomato.com/ncr/great-indian-khichdi-by-eatfit-paharganj-new-delhi/order
Grover Mithaivala,4.4,"Mithai, Street Food, Desserts",₹150 for one,25 min,No Offers,https://www.zomato.com/ncr/grover-mithaivala-rajinder-nagar-new-delhi/order
Rajinder Da Dhaba,4.4,"North Indian, Chinese, Mughlai",₹250 for one,52 min,No Offers,https://www.zomato.com/ncr/rajinder-da-dhaba-safdarjung-new-delhi/order
Changezi Chicken,3.9,"North Indian, Rolls, Kebab, Biryani",₹250 for one,31 min,₹125 OFF,https://www.zomato.com/ncr/changezi-chicken-karol-bagh-new-delhi/order
Samosa Party,4.2,"Street Food, North Indian, Mithai, Desserts, Tea, Beverages",₹150 for one,34 min,20% OFF,https://www.zomato.com/ncr/samosa-party-east-patel-nagar-new-delhi/order
Xero Degrees,4.2,"Pizza, Fast Food, Wraps, Momos, Burger, Sandwich, Desserts, Beverages",₹400 for one,24 min,No Offers,https://www.zomato.com/ncr/xero-degrees-3-connaught-place-new-delhi/order
Keventers - Milkshakes & Desserts,4.3,"Shake, Beverages, Desserts",₹150 for one,39 min,50% OFF,https://www.zomato.com/ncr/keventers-milkshakes-desserts-kamla-nagar-new-delhi/order
Ghee and Turmeric,4.4,"North Indian, Mughlai, Biryani",₹300 for one,23 min,40% OFF,https://www.zomato.com/ncr/ghee-and-turmeric-connaught-place-new-delhi/order
Salad Days,4.4,"Salad, Healthy Food, Sandwich, Juices",₹200 for one,20 min,No Offers,https://www.zomato.com/ncr/salad-days-gole-market-new-delhi/order
Dum Safar Biryani,4.4,"Biryani, North Indian, Kebab, BBQ, Beverages, Desserts",₹150 for one,51 min,30% OFF,https://www.zomato.com/ncr/dum-safar-biryani-south-extension-2-new-delhi/order
Burgrill - The Win Win Burger,4.3,"Burger, Sandwich, Wraps, Fast Food",₹200 for one,31 min,₹150 OFF,https://www.zomato.com/ncr/burgrill-the-win-win-burger-rajinder-nagar-new-delhi/order
Mansi Chinese Food,3.8,"Chinese, Italian, South Indian, Pasta, Momos, Pizza",₹150 for one,52 min,No Offers,https://www.zomato.com/ncr/mansi-chinese-food-pitampura-new-delhi/order
Baap Of Rolls,4.2,"Rolls, Momos, Beverages",₹150 for one,28 min,60% OFF,https://www.zomato.com/ncr/baap-of-rolls-paharganj-new-delhi/order
Grameen Kulfi,4.6,"Ice Cream, Desserts",₹150 for one,25 min,No Offers,https://www.zomato.com/ncr/grameen-kulfi-karol-bagh-new-delhi/order
Biryani Badshah,4.3,"Biryani, Hyderabadi, Andhra, North Indian, Mughlai",₹200 for one,19 min,₹125 OFF,https://www.zomato.com/ncr/biryani-badshah-connaught-place-new-delhi/order
Chimney Sizzlers,4.3,"Chinese, Tibetan, Momos",₹350 for one,42 min,₹200 OFF,https://www.zomato.com/ncr/chimney-sizzlers-chanakyapuri-new-delhi/order
Olio - The Wood Fired Pizzeria,4.3,"Pizza, Italian, Fast Food, Beverages",₹200 for one,39 min,50% OFF,https://www.zomato.com/ncr/olio-the-wood-fired-pizzeria-karol-bagh-new-delhi/order
Hudson Chopsticks - Fresh Chinese,4.2,"Chinese, Asian, Momos, Thai, Fast Food, Desserts, Beverages",₹200 for one,34 min,₹100 OFF,https://www.zomato.com/ncr/hudson-chopsticks-fresh-chinese-east-patel-nagar-new-delhi/order
The Burger Company,4.3,"Burger, Fast Food, Pizza, Desserts, Shake, Beverages",₹200 for one,44 min,No Offers,https://www.zomato.com/ncr/the-burger-company-kamla-nagar-new-delhi/order
KC Restaurant,4.2,"North Indian, Chinese, Momos",₹150 for one,52 min,Free Vegetable Soup,https://www.zomato.com/ncr/kc-restaurant-satyaniketan-new-delhi/order
Moti Mahal Delux- Legendary Culinary,4.4,"North Indian, Mughlai, Chinese, Desserts, Beverages",₹750 for one,49 min,No Offers,https://www.zomato.com/ncr/moti-mahal-delux-legendary-culinary-south-extension-2-new-delhi/order
NH1 Bowls - Highway To North,4.5,North Indian,₹100 for one,24 min,₹200 OFF,https://www.zomato.com/ncr/nh1-bowls-highway-to-north-karol-bagh-new-delhi/order
Kaleva,4.4,"Mithai, Street Food, Beverages, Desserts, North Indian, South Indian",₹100 for one,21 min,No Offers,https://www.zomato.com/ncr/kaleva-gole-market-new-delhi/order
WOW! China,3.7,"Chinese, Oriental, Asian, Sichuan, Seafood, Momos",₹250 for one,65 min,40% OFF,https://www.zomato.com/ncr/wow-china-chandni-chowk-new-delhi/order
Abdul Ghani Qureshi Kabab Corner - Jama Masjid,4.1,"Kebab, North Indian, Biryani, Fast Food",₹40 for one,44 min,No Offers,https://www.zomato.com/ncr/abdul-ghani-qureshi-kabab-corner-jama-masjid-jama-masjid-new-delhi/order
Rominus Pizza And Burger,4.2,"Pizza, Fast Food, Burger, Pasta",₹200 for one,41 min,60% OFF,https://www.zomato.com/ncr/rominus-pizza-and-burger-laxmi-nagar-new-delhi/order
Flavours,3.9,"North Indian, Chinese, South Indian",₹200 for one,36 min,₹150 OFF,https://www.zomato.com/ncr/flavours-paharganj-new-delhi/order
Fleurons - Handcrafted Cakes And Brownies,4.3,"Bakery, Desserts",₹150 for one,30 min,₹100 OFF,https://www.zomato.com/ncr/fleurons-handcrafted-cakes-and-brownies-karol-bagh-new-delhi/order
Havmor Havfunn Ice Cream,4.3,"Ice Cream, Desserts",₹150 for one,19 min,No Offers,https://www.zomato.com/ncr/havmor-havfunn-ice-cream-connaught-place-new-delhi/order
Louis Burger,4.1,"Burger, Fast Food, Beverages",₹250 for one,39 min,₹100 OFF,https://www.zomato.com/ncr/louis-burger-connaught-place-new-delhi/order
Baking Love Bakers,4.2,"Bakery, Desserts",₹250 for one,41 min,50% OFF,https://www.zomato.com/ncr/baking-love-bakers-shadipur-new-delhi/order
Puran Dhaba,4.3,North Indian,₹200 for one,41 min,10% OFF,https://www.zomato.com/ncr/puran-dhaba-ashok-vihar-new-delhi/order
Starbucks Coffee,4.3,"Cafe, Coffee, Fast Food, Bakery, Desserts, Beverages",₹400 for one,18 min,₹100 OFF,https://www.zomato.com/ncr/starbucks-coffee-1-connaught-place-new-delhi/order
Nizam's Kathi Kabab,4.3,"North Indian, Mughlai, Rolls, Biryani, Beverages",₹400 for one,28 min,Flat 10% OFF,https://www.zomato.com/ncr/nizams-kathi-kabab-connaught-place-new-delhi/order
Kings Kulfi,4.6,"Ice Cream, Desserts, Shake",₹100 for one,20 min,₹150 OFF,https://www.zomato.com/ncr/kings-kulfi-rajinder-nagar-new-delhi/order
Goila Butter Chicken,4.1,"North Indian, Biryani, Mughlai",₹300 for one,33 min,40% OFF,https://www.zomato.com/ncr/goila-butter-chicken-connaught-place-new-delhi/order
Civil Lines Social,4.2,"North Indian, Chinese, Biryani, Pasta, Burger, Pizza, Korean, Beverages",₹600 for one,44 min,50% OFF,https://www.zomato.com/ncr/civil-lines-social-civil-lines-new-delhi/order
SGF - Spice Grill Flame,4.0,"Chinese, Continental, Pasta, Pizza, Burger",₹150 for one,32 min,50% OFF,https://www.zomato.com/ncr/sgf-spice-grill-flame-1-karol-bagh-new-delhi/order
Hulk's Burger,4.3,"Burger, Fast Food, American",₹200 for one,40 min,₹125 OFF,https://www.zomato.com/ncr/hulks-burger-karol-bagh-new-delhi/order
Champaran Meat House,4.0,"North Indian, Bihari",₹150 for one,32 min,No Offers,https://www.zomato.com/ncr/champaran-meat-house-laxmi-nagar-new-delhi/order
Hussaini Hotel,4.2,"Mughlai, North Indian, Rolls",₹150 for one,42 min,Flat 10% OFF,https://www.zomato.com/ncr/hussaini-hotel-nizamuddin-new-delhi/order
ZAZA Mughal Biryani,4.5,"Biryani, North Indian, Desserts",₹250 for one,23 min,₹200 OFF,https://www.zomato.com/ncr/zaza-mughal-biryani-karol-bagh-new-delhi/order
Bistro 57,4.3,"Pizza, Fast Food, Coffee, Shake, Beverages",₹200 for one,33 min,No Offers,https://www.zomato.com/ncr/bistro-57-karol-bagh-new-delhi/order
House of Chow,4.1,"Chinese, Thai, Momos, Sichuan",₹150 for one,35 min,50% OFF,https://www.zomato.com/ncr/house-of-chow-1-east-patel-nagar-new-delhi/order
Sweet Truth - Cake and Desserts,4.3,"Desserts, Bakery, Ice Cream",₹200 for one,36 min,20% OFF,https://www.zomato.com/ncr/sweet-truth-cake-and-desserts-rajendra-place-new-delhi/order
Chacha Chap Corner,4.2,"North Indian, Rolls, Fast Food, Chinese, Momos",₹150 for one,28 min,No Offers,https://www.zomato.com/ncr/chacha-chap-corner-1-karol-bagh-new-delhi/order
Jhakkas Bombay Pav Bhaji,3.9,"Street Food, Maharashtrian, North Indian, Pizza, Sandwich, Beverages",₹100 for one,52 min,40% OFF,https://www.zomato.com/ncr/jhakkas-bombay-pav-bhaji-1-chandni-chowk-new-delhi/order
Bobby Tikki Wala,4.4,Street Food,₹100 for one,37 min,No Offers,https://www.zomato.com/ncr/bobby-tikki-wala-laxmi-nagar-new-delhi/order
Mad Over Donuts,4.4,"Desserts, Bakery, Beverages",₹200 for one,31 min,20% OFF,https://www.zomato.com/ncr/mad-over-donuts-1-rajendra-place-new-delhi/order
Dunkin' - Donuts & Coffee,4.4,"Desserts, Coffee, Bakery, Beverages",₹400 for one,22 min,20% OFF,https://www.zomato.com/ncr/dunkin-donuts-coffee-barakhamba-road-new-delhi/order
Nomad Pizza - Traveller Series,4.3,"Pizza, Italian, Fast Food, Desserts, Beverages",₹400 for one,25 min,₹100 OFF,https://www.zomato.com/ncr/nomad-pizza-traveller-series-connaught-place-new-delhi/order
34 Chowringhee Lane,4.2,"Rolls, Momos",₹100 for one,36 min,No Offers,https://www.zomato.com/ncr/34-chowringhee-lane-east-patel-nagar-new-delhi/order
Moolchand Parantha,4.4,"South Indian, North Indian, Chinese, Momos, Rolls, Beverages",₹200 for one,30 min,No Offers,https://www.zomato.com/ncr/moolchand-parantha-south-patel-nagar-new-delhi/order
The Biryani Life,4.2,"Biryani, Mughlai",₹200 for one,29 min,₹125 OFF,https://www.zomato.com/ncr/the-biryani-life-connaught-place-new-delhi/order
Burgerama,4.5,"Burger, Fast Food, Beverages",₹250 for one,46 min,40% OFF,https://www.zomato.com/ncr/burgerama-safdarjung-new-delhi/order
Sardar G Malai Chaap Junction,4.4,"North Indian, Rolls, Momos",₹200 for one,32 min,Flat 20% OFF,https://www.zomato.com/ncr/sardar-g-malai-chaap-junction-west-patel-nagar-new-delhi/order
UBQ by Barbeque Nation,4.2,"North Indian, BBQ, Biryani, Street Food, Kebab, Beverages, Desserts",₹600 for one,30 min,30% OFF,https://www.zomato.com/ncr/ubq-by-barbeque-nation-janpath-new-delhi/order
Momo Shomo,4.2,Momos,₹150 for one,38 min,Flat 20% OFF,https://www.zomato.com/ncr/momo-shomo-west-patel-nagar-new-delhi/order
Concept Shawarma,4.4,"North Indian, Chinese",₹200 for one,40 min,No Offers,https://www.zomato.com/ncr/concept-shawarma-defence-colony-new-delhi/order
Ghar ka Khana by EatFit,4.2,"North Indian, South Indian, Healthy Food, Desserts, Beverages, Andhra, Mithai, Pizza",₹200 for one,32 min,40% OFF,https://www.zomato.com/ncr/ghar-ka-khana-by-eatfit-paharganj-new-delhi/order
The Good Bowl,4.3,"North Indian, Biryani, Mughlai",₹200 for one,26 min,20% OFF,https://www.zomato.com/ncr/the-good-bowl-connaught-place-new-delhi/order
Manohar Bikkaneri,4.4,"Mithai, Fast Food, Chinese",₹150 for one,31 min,No Offers,https://www.zomato.com/ncr/manohar-bikkaneri-azad-market-new-delhi/order
Chili's Grill & Bar,4.3,"Mexican, Pizza, Pasta, American, Burger, Tex-Mex, Desserts","₹1,000 for one",24 min,₹125 OFF,https://www.zomato.com/ncr/chilis-grill-bar-connaught-place-new-delhi/order
NutrioBox,4.4,Salad,₹250 for one,32 min,₹200 OFF,https://www.zomato.com/ncr/nutriobox-rajinder-nagar-new-delhi/order
Bengali Sweet Corner,4.1,"Mithai, North Indian, Chinese, Street Food, South Indian, Cake",₹150 for one,42 min,No Offers,https://www.zomato.com/ncr/bengali-sweet-corner-south-extension-1-new-delhi/order
Caterspoint,4.2,"Salad, Healthy Food, Sandwich, Pasta, Middle Eastern, Mexican, Desserts, Beverages",₹400 for one,33 min,20% OFF,https://www.zomato.com/ncr/caterspoint-west-patel-nagar-new-delhi/order
Jain Chawal Wale,4.1,"North Indian, Chinese, Street Food, Beverages",₹200 for one,20 min,No Offers,https://www.zomato.com/ncr/jain-chawal-wale-connaught-place-new-delhi/order
Alkauser,4.1,"Mughlai, North Indian, Fast Food, Rolls, Biryani, Kebab, Lucknowi",₹300 for one,44 min,No Offers,https://www.zomato.com/ncr/alkauser-1-chanakyapuri-new-delhi/order
Kadimi Sweets,4.3,"Mithai, Street Food, North Indian",₹150 for one,41 min,No Offers,https://www.zomato.com/ncr/kadimi-sweets-jangpura-new-delhi/order
Chai Point,4.2,"Tea, Coffee, Beverages, Shake, Fast Food, Rolls, Desserts, Cafe",₹200 for one,28 min,30% OFF,https://www.zomato.com/ncr/chai-point-3-connaught-place-new-delhi/order
Qureshi's Kabab Corner,4.4,"North Indian, Mughlai, Rolls, BBQ, Biryani",₹400 for one,43 min,No Offers,https://www.zomato.com/ncr/qureshis-kabab-corner-defence-colony-new-delhi/order
Chaayos Chai+Snacks=Relax,4.4,"Tea, Cafe, Coffee, Rolls, Fast Food, Beverages",₹200 for one,21 min,20% OFF,https://www.zomato.com/ncr/chaayos-chai-snacks-relax-connaught-place-new-delhi/order
Dasaprakash,4.3,"South Indian, North Indian, Sandwich, Continental, Chinese, Desserts, Beverages",₹400 for one,27 min,₹100 OFF,https://www.zomato.com/ncr/dasaprakash-1-connaught-place-new-delhi/order
Tikka Junction,4.0,"North Indian, Mughlai, Biryani, Chinese, Kebab, Rolls, Fast Food",₹550 for one,45 min,No Offers,https://www.zomato.com/ncr/tikka-junction-kamla-nagar-new-delhi/order
LeanCrust Pizza - ThinCrust Experts,4.3,"Pizza, Italian, Fast Food, Desserts",₹200 for one,29 min,₹200 OFF,https://www.zomato.com/ncr/leancrust-pizza-thincrust-experts-paharganj-new-delhi/order
A One Food Center,4.2,"North Indian, Mughlai",₹150 for one,42 min,No Offers,https://www.zomato.com/ncr/a-one-food-center-inderlok-new-delhi/order
King's Chinese Point,4.2,"Chinese, Sichuan",₹100 for one,34 min,₹150 OFF,https://www.zomato.com/ncr/kings-chinese-point-karol-bagh-new-delhi/order
Parantha Express,4.1,"North Indian, Fast Food, Beverages",₹150 for one,34 min,₹125 OFF,https://www.zomato.com/ncr/parantha-express-rajinder-nagar-new-delhi/order
Swagat Dhaba,4.0,North Indian,₹150 for one,28 min,No Offers,https://www.zomato.com/ncr/swagat-dhaba-paharganj-new-delhi/order
Lodhi Knights,4.0,"North Indian, Kebab, Momos, Rolls",₹200 for one,47 min,No Offers,https://www.zomato.com/ncr/lodhi-knights-lodhi-colony-new-delhi/order
Gulati,4.5,"North Indian, Mughlai, Biryani, Kebab, Desserts, Beverages",₹900 for one,42 min,50% OFF,https://www.zomato.com/ncr/gulati-pandara-road-new-delhi/order
China Bowl,4.4,"Chinese, Asian, Japanese, Seafood",₹500 for one,47 min,Flat 20% OFF,https://www.zomato.com/ncr/china-bowl-satyaniketan-new-delhi/order
South Indian Fast Food,4.2,"South Indian, Chinese",₹150 for one,29 min,No Offers,https://www.zomato.com/ncr/south-indian-fast-food-1-west-patel-nagar-new-delhi/order
Informal By Imperfecto,4.1,"North Indian, Continental, Mediterranean, Italian, Beverages","₹1,000 for one",26 min,₹150 OFF,https://www.zomato.com/ncr/informal-by-imperfecto-janpath-new-delhi/order
King Shawarma,4.1,"Shawarma, Chinese, Fast Food, Momos, Burger, Street Food",₹150 for one,34 min,No Offers,https://www.zomato.com/ncr/king-shawarma-west-patel-nagar-new-delhi/order
Sheikh Chang Singh,4.4,"Momos, Rolls, Fast Food, Biryani, North Indian, Beverages",₹200 for one,29 min,₹150 OFF,https://www.zomato.com/ncr/sheikh-chang-singh-karol-bagh-new-delhi/order
M I Food Center,4.3,"North Indian, Mughlai",₹200 for one,43 min,No Offers,https://www.zomato.com/ncr/m-i-food-center-lodhi-colony-new-delhi/order
Vrinda Vaishno Dhaba,4.1,North Indian,₹100 for one,36 min,No Offers,https://www.zomato.com/ncr/vrinda-vaishno-dhaba-paharganj-new-delhi/order
Amritsariya,4.1,"North Indian, Rolls",₹150 for one,33 min,No Offers,https://www.zomato.com/ncr/amritsariya-civil-lines-new-delhi/order
The Cake Shine,3.9,"Bakery, Desserts",₹150 for one,41 min,50% OFF,https://www.zomato.com/ncr/the-cake-shine-west-patel-nagar-new-delhi/order
Choko La,4.5,"Bakery, Desserts",₹200 for one,30 min,₹125 OFF,https://www.zomato.com/ncr/choko-la-1-khan-market-new-delhi/order
Annie's Kerala Kitchen,4.2,"Kerala, Chinese, Biryani, Seafood, South Indian, North Indian",₹250 for one,32 min,Flat 10% OFF,https://www.zomato.com/ncr/annies-kerala-kitchen-east-patel-nagar-new-delhi/order
Prasuma Momo Kitchen,4.2,"Momos, Chinese, Asian, Japanese, Tibetan, Street Food, Finger Food, Beverages",₹200 for one,30 min,40% OFF,https://www.zomato.com/ncr/prasuma-momo-kitchen-karol-bagh-new-delhi/order
Roshan Di Kulfi,4.3,"South Indian, North Indian, Street Food, Chinese, Desserts, Beverages",₹200 for one,31 min,No Offers,https://www.zomato.com/ncr/roshan-di-kulfi-karol-bagh-new-delhi/order
SashMick's Bakery,4.4,"Bakery, Desserts",₹200 for one,39 min,60% OFF,https://www.zomato.com/ncr/sashmicks-bakery-shakarpur-new-delhi/order
Shudh Annapurna,4.4,"North Indian, Chinese, South Indian, Beverages",₹200 for one,30 min,Flat 10% OFF,https://www.zomato.com/ncr/shudh-annapurna-karol-bagh-new-delhi/order
Sticky Rice,4.4,"Asian, Japanese, Sushi, Salad, Desserts, Beverages, Chinese",₹750 for one,53 min,No Offers,https://www.zomato.com/ncr/sticky-rice-defence-colony-new-delhi/order
Salads Point,4.3,"Salad, Healthy Food, Juices, Beverages",₹200 for one,33 min,20% OFF,https://www.zomato.com/ncr/salads-point-west-patel-nagar-new-delhi/order
Yum Yum Cha,4.5,"Asian, Chinese, Thai, Japanese, Sushi, Oriental, Ice Cream, Desserts",₹800 for one,45 min,No Offers,https://www.zomato.com/ncr/yum-yum-cha-khan-market-new-delhi/order
Paradise Muradabadi Chicken Biryani,4.1,"Biryani, North Indian, Mughlai",₹200 for one,26 min,No Offers,https://www.zomato.com/ncr/paradise-muradabadi-chicken-biryani-karol-bagh-new-delhi/order
Amritsari Kulcha Factory,4.3,"North Indian, Beverages",₹200 for one,46 min,₹125 OFF,https://www.zomato.com/ncr/amritsari-kulcha-factory-moti-nagar-new-delhi/order
Fat Lulu's Cafe & Bar,4.3,"Italian, Pasta, Continental, Beverages",₹600 for one,42 min,60% OFF,https://www.zomato.com/ncr/fat-lulus-cafe-bar-khan-market-new-delhi/order
The Tummy Section,4.2,"Shawarma, Momos, Burger, Fast Food, Chinese",₹200 for one,31 min,No Offers,https://www.zomato.com/ncr/the-tummy-section-rajendra-place-new-delhi/order
Gupta Veg Food,4.2,North Indian,₹100 for one,38 min,Free Raita [250 ml],https://www.zomato.com/ncr/gupta-veg-food-safdarjung-new-delhi/order
Mealful Rolls - India's Biggest Rolls,4.1,"Rolls, North Indian, Desserts, Beverages",₹200 for one,36 min,₹200 OFF,https://www.zomato.com/ncr/mealful-rolls-indias-biggest-rolls-paharganj-new-delhi/order
ICP Italian Crust Pizza,3.4,"Pizza, Pasta, Fast Food",₹200 for one,47 min,No Offers,https://www.zomato.com/ncr/icp-italian-crust-pizza-inderlok-new-delhi/order
Namaste Foodcy,4.2,"Chinese, Momos, North Indian",₹150 for one,41 min,50% OFF,https://www.zomato.com/ncr/namaste-foodcy-laxmi-nagar/order
Punjabi Dhaba,3.5,"Chinese, North Indian",₹150 for one,52 min,No Offers,https://www.zomato.com/ncr/punjabi-dhaba-5-kamla-nagar-new-delhi/order
Keny Premium Food,4.3,"North Indian, Street Food, Desserts, Shake, Beverages",₹200 for one,46 min,Flat 20% OFF,https://www.zomato.com/ncr/keny-premium-food-shadipur-new-delhi/order
Go Zero - Ice Creams & Desserts,4.3,"Ice Cream, Desserts, Healthy Food",₹150 for one,34 min,₹200 OFF,https://www.zomato.com/ncr/go-zero-ice-creams-desserts-karol-bagh-new-delhi/order
Mom Hand Momos,4.2,"Momos, Chinese, Sichuan",₹150 for one,47 min,No Offers,https://www.zomato.com/ncr/mom-hand-momos-satyaniketan-new-delhi/order
Burger Point,4.1,"Burger, Pizza, Pasta, Fast Food, Shake, Beverages",₹150 for one,45 min,No Offers,https://www.zomato.com/ncr/burger-point-3-laxmi-nagar-new-delhi/order
DS Dosa Factory,4.3,"South Indian, Chinese, Desserts, Beverages",₹400 for one,27 min,No Offers,https://www.zomato.com/ncr/ds-dosa-factory-connaught-place-new-delhi/order
Keventers Ice Cream,4.0,"Ice Cream, Desserts",₹150 for one,38 min,No Offers,https://www.zomato.com/ncr/keventers-ice-cream-kamla-nagar-new-delhi/order
Bangla Sweet House,4.4,"Mithai, Street Food, North Indian",₹100 for one,17 min,Flat 15% OFF,https://www.zomato.com/ncr/bangla-sweet-house-gole-market-new-delhi/order
Urban Chulha,4.1,"North Indian, Chinese, Biryani, Mughlai, Fast Food, Desserts",₹200 for one,33 min,₹150 OFF,https://www.zomato.com/ncr/urban-chulha-paharganj-new-delhi/order
Govardhan Vegetarian,4.3,"North Indian, South Indian, Chinese, Desserts, Beverages",₹500 for one,44 min,₹175 OFF,https://www.zomato.com/ncr/govardhan-vegetarian-kamla-nagar-new-delhi/order
Tasty Tim Tim,4.4,"North Indian, South Indian, Chinese, Street Food, Juices, Shake, Beverages, Momos",₹200 for one,46 min,₹200 OFF,https://www.zomato.com/ncr/tasty-tim-tim-defence-colony-new-delhi/order
Angels In My Kitchen,4.3,"Bakery, Desserts, Fast Food",₹200 for one,37 min,20% OFF,https://www.zomato.com/ncr/angels-in-my-kitchen-defence-colony-new-delhi/order
Khichdi Hub,4.3,"Healthy Food, North Indian, Street Food, Desserts, Beverages",₹250 for one,26 min,₹150 OFF,https://www.zomato.com/ncr/khichdi-hub-paharganj-new-delhi/order
Krispy Kreme,4.1,"Desserts, Beverages",₹150 for one,34 min,₹150 OFF,https://www.zomato.com/ncr/krispy-kreme-kamla-nagar-new-delhi/order
Chawlas'2 - Since 1960,4.2,"North Indian, Mughlai, Chinese, Kebab, Seafood, Fast Food",₹200 for one,34 min,No Offers,https://www.zomato.com/ncr/chawlas2-since-1960-karol-bagh-new-delhi/order
Shivji's Day Night Kitchen,3.9,"North Indian, Chinese, South Indian, Beverages",₹150 for one,54 min,10% OFF,https://www.zomato.com/ncr/shivjis-day-night-kitchen-1-rana-pratap-bagh-new-delhi/order
Zaika Chicken Biryani,4.3,Biryani,₹200 for one,44 min,No Offers,https://www.zomato.com/ncr/zaika-chicken-biryani-2-satyaniketan-new-delhi/order
NOTO - Ice Creams & Desserts,4.4,"Ice Cream, Mithai, Desserts",₹100 for one,30 min,No Offers,https://www.zomato.com/ncr/noto-ice-creams-desserts-karol-bagh-new-delhi/order
Amritsari Chaap Corner,4.3,"Fast Food, Rolls, North Indian",₹100 for one,36 min,No Offers,https://www.zomato.com/ncr/amritsari-chaap-corner-karol-bagh-new-delhi/order
Flavours Of Punjab,4.0,"North Indian, Chinese, Biryani, Rolls",₹350 for one,31 min,₹175 OFF,https://www.zomato.com/ncr/flavours-of-punjab-rajinder-nagar-new-delhi/order
Dolma Aunty Momos - Since 1994,4.5,Momos,₹100 for one,38 min,No Offers,https://www.zomato.com/ncr/dolma-aunty-momos-since-1994-lajpat-nagar-2-new-delhi/order
Aslam Chicken,4.1,"North Indian, Mughlai",₹200 for one,44 min,No Offers,https://www.zomato.com/ncr/aslam-chicken-jama-masjid-new-delhi/order
Flavours Of Southwala,4.3,"South Indian, Chinese, North Indian",₹200 for one,28 min,₹150 OFF,https://www.zomato.com/ncr/flavours-of-southwala-karol-bagh-new-delhi/order
Castle's Barbeque,4.0,"BBQ, Mughlai, North Indian, Desserts",₹900 for one,29 min,₹125 OFF,https://www.zomato.com/ncr/castles-barbeque-connaught-place-new-delhi/order
Cafe Delhi Heights,4.2,"North Indian, Italian, Burger, Continental, Pizza, Pasta, Asian, Desserts",₹600 for one,34 min,₹125 OFF,https://www.zomato.com/ncr/cafe-delhi-heights-janpath-new-delhi/order
Hashtag Foods,4.2,"Fast Food, Pizza, Sandwich, Pasta, Street Food, Chinese, Momos, Beverages",₹200 for one,46 min,No Offers,https://www.zomato.com/ncr/hashtag-foods-kamla-nagar-new-delhi/order
Marathi Katta,4.2,"Maharashtrian, North Indian",₹150 for one,30 min,No Offers,https://www.zomato.com/ncr/marathi-katta-rajinder-nagar-new-delhi/order
Carnatic Cafe,4.4,"South Indian, Beverages",₹200 for one,41 min,No Offers,https://www.zomato.com/ncr/carnatic-cafe-lodhi-colony-new-delhi/order
Delhi Biryani Hut,3.8,"Biryani, North Indian, Mughlai",₹150 for one,33 min,No Offers,https://www.zomato.com/ncr/delhi-biryani-hut-jangpura-new-delhi/order
Bengal Sweet Corner,4.4,"Mithai, South Indian, Chinese, Fast Food, North Indian",₹200 for one,39 min,No Offers,https://www.zomato.com/ncr/bengal-sweet-corner-safdarjung-new-delhi/order
Havemore,4.4,"North Indian, Mughlai, Biryani, Beverages","₹1,200 for one",41 min,60% OFF,https://www.zomato.com/ncr/havemore-pandara-road-new-delhi/order
Andhra Kodi Pulao,4.3,"Biryani, Andhra, Mughlai, North Indian, Street Food, Chinese",₹200 for one,20 min,₹125 OFF,https://www.zomato.com/ncr/andhra-kodi-pulao-connaught-place-new-delhi/order
Simple Burger,4.1,"Burger, Momos, Fast Food, Shake, Beverages",₹150 for one,36 min,30% OFF,https://www.zomato.com/ncr/simple-burger-karol-bagh-new-delhi/order
Brown Sugar - OG Wheat Momos & More,4.2,"Momos, Sandwich, Beverages, Shake, Fast Food, Bakery, Coffee, Chinese",₹200 for one,46 min,20% OFF,https://www.zomato.com/ncr/brown-sugar-og-wheat-momos-more-south-extension-2-new-delhi/order
Lords Of Shawarma,4.1,"Shawarma, Momos, Chinese",₹200 for one,39 min,50% OFF,https://www.zomato.com/ncr/lords-of-shawarma-west-patel-nagar-new-delhi/order
Itminaan Matka Biryani - Slow Cooked,4.1,"Biryani, North Indian, Mughlai",₹200 for one,35 min,₹200 OFF,https://www.zomato.com/ncr/itminaan-matka-biryani-slow-cooked-paharganj-new-delhi/order
Blue Tokai Coffee Roasters,4.2,"Cafe, Coffee, Bakery, Desserts, Sandwich, Beverages",₹600 for one,24 min,10% OFF,https://www.zomato.com/ncr/blue-tokai-coffee-roasters-connaught-place-new-delhi/order
Pizza Flix,3.8,"Pizza, Fast Food",₹200 for one,47 min,No Offers,https://www.zomato.com/ncr/pizza-flix-laxmi-nagar-new-delhi/order
Sri Venkateswara Andhra Foods,4.2,"South Indian, Biryani",₹200 for one,17 min,No Offers,https://www.zomato.com/ncr/sri-venkateswara-andhra-foods-1-connaught-place-new-delhi/order
Third Wave Coffee,4.3,"Cafe, Coffee, Tea, Beverages, Sandwich, Fast Food, Desserts, Pizza",₹350 for one,27 min,Flat 10% OFF,https://www.zomato.com/ncr/third-wave-coffee-connaught-place-new-delhi/order
The Dhaba Junction,3.8,"North Indian, Oriental, Chinese, Sandwich, Pizza, Biryani, Fast Food",₹400 for one,39 min,60% OFF,https://www.zomato.com/ncr/the-dhaba-junction-karol-bagh-new-delhi/order
Slyce Pizza,4.2,"Pizza, Italian, Fast Food",₹200 for one,47 min,₹125 OFF,https://www.zomato.com/ncr/slyce-pizza-pandav-nagar-new-delhi/order
HRX by EatFit,4.4,"Healthy Food, Salad, Burger, Mexican, Pasta, Desserts, Beverages",₹150 for one,32 min,10% OFF,https://www.zomato.com/ncr/hrx-by-eatfit-paharganj-new-delhi/order
Vikrant Cafe,4.3,"South Indian, Chinese, North Indian, Pizza, Sandwich, Street Food, Beverages",₹200 for one,44 min,20% OFF,https://www.zomato.com/ncr/vikrant-cafe-kamla-nagar-new-delhi/order
Love Pooriwala,4.2,Street Food,₹100 for one,34 min,No Offers,https://www.zomato.com/ncr/love-pooriwala-kamla-nagar-new-delhi/order
Love Chinese Corner,4.2,"Chinese, Fast Food",₹150 for one,43 min,No Offers,https://www.zomato.com/ncr/love-chinese-corner-kamla-nagar-new-delhi/order
Makhani Darbar,2.6,North Indian,₹100 for one,32 min,20% OFF,https://www.zomato.com/ncr/makhani-darbar-asaf-ali-road-new-delhi/order
Dhaba - Estd 1986 Delhi,4.1,"North Indian, Desserts",₹600 for one,33 min,No Offers,https://www.zomato.com/ncr/dhaba-estd-1986-delhi-connaught-place-new-delhi/order
Shawarma Wala,3.7,"Rolls, Fast Food, Momos, Arabian, Tea, Coffee, Shake, Beverages",₹150 for one,36 min,No Offers,https://www.zomato.com/ncr/shawarma-wala-paharganj-new-delhi/order
Dhading KTM,4.3,"Chinese, Fast Food, Burger, Rolls",₹150 for one,42 min,No Offers,https://www.zomato.com/ncr/dhading-ktm-laxmi-nagar-new-delhi/order
Shake Sahab,4.4,"Beverages, Shake, Fast Food, Desserts",₹150 for one,N/A,No Offers,https://www.zomato.com/ncr/shake-sahab-daryaganj-new-delhi/order
Dashi Dimsum & Sushi Bar,4.4,"Asian, Sushi, Japanese, Desserts",₹400 for one,29 min,No Offers,https://www.zomato.com/ncr/dashi-dimsum-sushi-bar-rajinder-nagar-new-delhi/order
Kake Di Hatti,4.1,"North Indian, Chinese, Rolls, Shake, Beverages",₹500 for one,49 min,No Offers,https://www.zomato.com/ncr/kake-di-hatti-chandni-chowk-new-delhi/order
Sri Saravana Bhavan,4.0,South Indian,₹150 for one,27 min,No Offers,https://www.zomato.com/ncr/sri-saravana-bhavan-karol-bagh-new-delhi/order
Nagpal's Chole Bhature,3.6,"North Indian, Beverages",₹150 for one,46 min,No Offers,https://www.zomato.com/ncr/nagpals-chole-bhature-defence-colony-new-delhi/order
Kerala Night Kitchen,3.8,"North Indian, Chinese, Biryani, South Indian",₹100 for one,47 min,No Offers,https://www.zomato.com/ncr/kerala-night-kitchen-1-rana-pratap-bagh-new-delhi/order
ENSO - Sourdough Pizza by Nomad,4.3,"Pizza, Fast Food, Desserts, Burger",₹200 for one,32 min,₹100 OFF,https://www.zomato.com/ncr/enso-sourdough-pizza-by-nomad-connaught-place-new-delhi/order
Gullu's,4.2,North Indian,₹200 for one,38 min,Free Pineapple Fruit Cream,https://www.zomato.com/ncr/gullus-kamla-nagar-new-delhi/order
Crusto's - Cheese Burst Pizza,4.5,"Pizza, Italian, Fast Food, Beverages",₹150 for one,43 min,50% OFF,https://www.zomato.com/ncr/crustos-cheese-burst-pizza-karol-bagh-new-delhi/order
Bengali Sweet Centre,4.3,"Mithai, North Indian, South Indian, Chinese, Fast Food, Beverages, Shake, Ice Cream",₹150 for one,49 min,No Offers,https://www.zomato.com/ncr/bengali-sweet-centre-south-extension-1-new-delhi/order
Bakisto,4.2,"Chinese, Sandwich, Burger, Fast Food, Momos, Bakery",₹150 for one,36 min,20% OFF,https://www.zomato.com/ncr/bakisto-west-patel-nagar-new-delhi/order
Mama's,4.3,"North Indian, Chinese, Rolls, Fast Food, Mughlai, Momos",₹250 for one,29 min,No Offers,https://www.zomato.com/ncr/mamas-rajinder-nagar-new-delhi/order
R.P.W Pizza,3.9,Pizza,₹200 for one,39 min,No Offers,https://www.zomato.com/ncr/r-p-w-pizza-daryaganj-new-delhi/order
Food Bus Of India,4.1,"Fast Food, North Indian, Biryani, Beverages, Desserts, Burger",₹200 for one,32 min,60% OFF,https://www.zomato.com/-2-food-truck/order
Oh! Biryani The Taste of Delhi,3.7,Biryani,₹150 for one,47 min,No Offers,https://www.zomato.com/ncr/oh-biryani-the-taste-of-delhi-south-extension-1-new-delhi/order
SIDEWOK,4.5,"Asian, Chinese, Japanese, Continental, Sushi, Desserts, Beverages","₹1,000 for one",39 min,No Offers,https://www.zomato.com/ncr/sidewok-lodhi-colony-new-delhi/order
Creme N Crisp,4.3,"Bakery, Pizza, Sandwich, Fast Food, Street Food, Desserts, Beverages, Cake",₹200 for one,23 min,No Offers,https://www.zomato.com/ncr/creme-n-crisp-gole-market-new-delhi/order
Smoor,4.5,"Cake, Desserts, Bakery, Beverages, Shake",₹300 for one,45 min,₹175 OFF,https://www.zomato.com/ncr/smoor-defence-colony-new-delhi/order
Creative Chef Baker,4.2,Bakery,₹200 for one,48 min,50% OFF,https://www.zomato.com/ncr/creative-chef-baker-west-patel-nagar-new-delhi/order
South Zone,4.2,"South Indian, Chinese, North Indian, Rolls",₹150 for one,35 min,No Offers,https://www.zomato.com/ncr/south-zone-laxmi-nagar-new-delhi/order
Andhra Bhavan,4.5,"South Indian, Andhra",₹200 for one,18 min,₹100 OFF,https://www.zomato.com/ncr/andhra-bhavan-feroze-shah-road-new-delhi/order
Smoke House Deli,4.0,"Italian, Sandwich, Salad, Burger, Desserts, Healthy Food, Pasta, Beverages",₹750 for one,47 min,50% OFF,https://www.zomato.com/ncr/smoke-house-deli-civil-lines-new-delhi/order
Healthy Chef,4.3,"Healthy Food, Continental, American, Burger, Salad, Desserts, Beverages",₹400 for one,34 min,Flat 15% OFF,https://www.zomato.com/ncr/healthy-chef-east-patel-nagar-new-delhi/order
The Big Chill Cakery,4.6,"Bakery, Desserts",₹200 for one,35 min,No Offers,https://www.zomato.com/ncr/the-big-chill-cakery-1-khan-market-new-delhi/order
Pret A Manger,4.3,"Cafe, Coffee, Fast Food, Desserts, Tea, Sandwich, Beverages",₹400 for one,32 min,₹100 OFF,https://www.zomato.com/ncr/pret-a-manger-khan-market-new-delhi/order
Shagun,4.6,"Chinese, Japanese, Fast Food",₹550 for one,51 min,No Offers,https://www.zomato.com/ncr/shagun-satyaniketan-new-delhi/order
Game Of Pizzas,4.1,"Pizza, Fast Food, Burger, Sandwich, Street Food, Shake",₹200 for one,36 min,No Offers,https://www.zomato.com/ncr/game-of-pizzas-west-patel-nagar-new-delhi/order
The Dessert Heaven - Pure Veg,4.0,Desserts,₹100 for one,47 min,35% OFF,https://www.zomato.com/ncr/the-dessert-heaven-pure-veg-karol-bagh-new-delhi/order
Cafe Coffee Day,4.4,"Cafe, Bakery, Tea, Shake, Beverages, Sandwich, Desserts",₹300 for one,20 min,₹150 OFF,https://www.zomato.com/ncr/cafe-coffee-day-22-connaught-place-new-delhi/order
Punjabi Hut,3.6,"North Indian, Chinese, Fast Food, Rolls, Momos",₹150 for one,40 min,50% OFF,https://www.zomato.com/ncr/punjabi-hut-laxmi-nagar-new-delhi/order
Cold Love Ice Cream,4.4,"Ice Cream, Desserts, Coffee, Beverages",₹200 for one,15 min,No Offers,https://www.zomato.com/ncr/cold-love-ice-cream-connaught-place-new-delhi/order
No. 1 Uncles Parantha,4.0,"North Indian, Fast Food, Street Food, Beverages",₹100 for one,35 min,₹150 OFF,https://www.zomato.com/ncr/no-1-uncles-parantha-rajinder-nagar-new-delhi/order
GetAWay - Ice Creams & Desserts,4.4,"Ice Cream, Healthy Food, Desserts, Bakery",₹200 for one,19 min,40% OFF,https://www.zomato.com/ncr/getaway-ice-creams-desserts-connaught-place-new-delhi/order
Punjab Sweet Corner,4.3,"North Indian, Fast Food, South Indian, Beverages, Desserts, Chinese",₹150 for one,33 min,30% OFF,https://www.zomato.com/ncr/punjab-sweet-corner-karol-bagh-new-delhi/order
Bhaja Govindam,4.5,"North Indian, South Indian, Fast Food, Shake",₹200 for one,38 min,No Offers,https://www.zomato.com/ncr/bhaja-govindam-asaf-ali-road-new-delhi/order
AKU'S - The Burger Co.,4.5,"Burger, Fast Food, Beverages",₹250 for one,44 min,20% OFF,https://www.zomato.com/ncr/akus-the-burger-co-defence-colony-new-delhi/order
Udupi Krishna,4.5,"South Indian, North Indian, Chinese, Ice Cream, Beverages",₹200 for one,42 min,No Offers,https://www.zomato.com/ncr/udupi-krishna-kamla-nagar-new-delhi/order
Sadabahar Dhaba,3.9,"North Indian, Biryani, Rolls",₹150 for one,41 min,No Offers,https://www.zomato.com/ncr/sadabahar-dhaba-inderlok-new-delhi/order
Al - Jawahar,4.0,"North Indian, Biryani, Mughlai",₹450 for one,49 min,No Offers,https://www.zomato.com/ncr/al-jawahar-jama-masjid-new-delhi/order
Gurdev Punjabi Restaurant,4.1,North Indian,₹100 for one,37 min,₹200 OFF,https://www.zomato.com/ncr/gurdev-punjabi-restaurant-paharganj-new-delhi/order
Chennai South Indian Cafe,4.1,South Indian,₹150 for one,29 min,No Offers,https://www.zomato.com/ncr/chennai-south-indian-cafe-karol-bagh-new-delhi/order
Zaika Chicken Biryani,4.3,"Biryani, Mughlai",₹150 for one,25 min,No Offers,https://www.zomato.com/ncr/zaika-chicken-biryani-rajinder-nagar-new-delhi/order
Nik Baker's,4.4,"Bakery, Desserts, Fast Food, Cake",₹200 for one,20 min,No Offers,https://www.zomato.com/ncr/nik-bakers-3-connaught-place-new-delhi/order
Mister Kiyoshi,3.8,"Chinese, Momos, Fast Food",₹200 for one,39 min,No Offers,https://www.zomato.com/ncr/mister-kiyoshi-karol-bagh-new-delhi/order
Aggarwal,4.1,North Indian,₹150 for one,29 min,No Offers,https://www.zomato.com/ncr/aggarwal-paharganj-new-delhi/order
Kababs N Roll,4.2,"Rolls, Chinese, Fast Food, North Indian",₹150 for one,18 min,No Offers,https://www.zomato.com/ncr/kababs-n-roll-gole-market-new-delhi/order
Sai Cake And Bake,3.3,Bakery,₹300 for one,33 min,50% OFF,https://www.zomato.com/ncr/sai-cake-and-bake-shadipur-new-delhi/order
Shri Sai Rasoi,4.2,North Indian,₹100 for one,43 min,No Offers,https://www.zomato.com/ncr/shri-sai-rasoi-1-defence-colony-new-delhi/order
The Chinese Hut,3.9,"Chinese, Fast Food, Pasta, Momos, Burger",₹200 for one,39 min,Flat 10% OFF,https://www.zomato.com/ncr/the-chinese-hut-1-laxmi-nagar-new-delhi/order
Baker By Chance,4.3,"Bakery, Desserts",₹250 for one,39 min,₹200 OFF,https://www.zomato.com/ncr/baker-by-chance-defence-colony-new-delhi/order
Yataii,4.4,"Asian, Chinese, Thai",₹100 for one,30 min,₹150 OFF,https://www.zomato.com/ncr/yataii-rajinder-nagar-new-delhi/order
Pink Box,4.5,"Bakery, Desserts",₹200 for one,17 min,50% OFF,https://www.zomato.com/ncr/pink-box-connaught-place-new-delhi/order
Chowringhee,3.8,"Rolls, Kebab, North Indian, Momos",₹200 for one,51 min,No Offers,https://www.zomato.com/chowringheerestaurant/order
Yeti - The Himalayan Kitchen,4.3,"Tibetan, Asian, Momos, Nepalese, North Eastern, Shake, Beverages","₹1,000 for one",35 min,No Offers,https://www.zomato.com/ncr/yeti-the-himalayan-kitchen-connaught-place-new-delhi/order
Muriliwala Bakers,4.2,"Bakery, Fast Food, Street Food",₹200 for one,42 min,No Offers,https://www.zomato.com/ncr/muriliwala-bakers-geeta-colony-new-delhi/order
Punjabi Zaika,4.3,"North Indian, Rolls, Chinese, Momos",₹300 for one,34 min,₹150 OFF,https://www.zomato.com/ncr/punjabi-zaika-karol-bagh-new-delhi/order
Picante - Mexican by Nomad,4.2,"Mexican, Salad, Desserts, Beverages",₹400 for one,31 min,No Offers,https://www.zomato.com/ncr/picante-mexican-by-nomad-connaught-place-new-delhi/order
Blue Water Grille,4.1,"North Indian, Mughlai, Seafood, Rolls",₹400 for one,34 min,40% OFF,https://www.zomato.com/ncr/blue-water-grille-1-rajinder-nagar-new-delhi/order
Punjabi Chaap Corner,4.1,"Chinese, Momos, Fast Food, Rolls",₹200 for one,37 min,₹150 OFF,https://www.zomato.com/ncr/punjabi-chaap-corner-1-rajinder-nagar-new-delhi/order
Bite Tongue Tingling,4.1,"Chinese, South Indian, Pasta, Burger, Sandwich, Fast Food, Wraps, Momos",₹150 for one,40 min,₹150 OFF,https://www.zomato.com/ncr/bite-tongue-tingling-kamla-nagar-new-delhi/order
Chinese Corner,4.2,"Chinese, Fast Food",₹100 for one,41 min,₹150 OFF,https://www.zomato.com/ncr/chinese-corner-lajpat-nagar-1-new-delhi/order
Gopal Sweets Corner,4.3,"Mithai, Street Food",₹100 for one,40 min,No Offers,https://www.zomato.com/ncr/gopal-sweets-corner-kamla-nagar-new-delhi/order
Teavaro,4.6,"Fast Food, Sandwich, Wraps, Bubble Tea, Waffle, Desserts, Beverages",₹400 for one,43 min,50% OFF,https://www.zomato.com/ncr/teavaro-satyaniketan-new-delhi/order
Mamagoto,4.3,"Asian, Japanese, Seafood, Rolls, Salad, Desserts, Beverages, Chinese",₹600 for one,47 min,No Offers,https://www.zomato.com/ncr/mamagoto-khan-market-new-delhi/order
Momo's Point,4.3,"Chinese, Fast Food, Sichuan, Ice Cream",₹200 for one,39 min,No Offers,https://www.zomato.com/ncr/momos-point-kamla-nagar-new-delhi/order
"WeFit - Protein Bowls, Salads & Sandwiches",4.4,"Salad, Sandwich",₹100 for one,34 min,₹200 OFF,https://www.zomato.com/ncr/wefit-protein-bowls-salads-sandwiches-karol-bagh-new-delhi/order
Al Yamin,4.3,"North Indian, Mughlai",₹200 for one,49 min,Free Kheer,https://www.zomato.com/ncr/al-yamin-jama-masjid-new-delhi/order
Temple Street,4.1,"North Indian, South Indian, Street Food, Fast Food, Biryani, Desserts",₹300 for one,31 min,Free Virgin Mojito,https://www.zomato.com/ncr/temple-street-rajinder-nagar-new-delhi/order
Gopal Foods,4.1,"North Indian, Fast Food, Chinese",₹200 for one,48 min,30% OFF,https://www.zomato.com/ncr/gopal-foods-1-kamla-nagar-new-delhi/order
Moets Kulfi,4.2,Desserts,₹150 for one,36 min,20% OFF,https://www.zomato.com/ncr/moets-kulfi-1-civil-lines-new-delhi/order
Chaubara,4.0,"Fast Food, Burger, Momos, Street Food, Chinese, Desserts, Shake, Beverages",₹200 for one,20 min,No Offers,https://www.zomato.com/ncr/chaubara-2-connaught-place-new-delhi/order
